record_id,year,perimeter,channel,asset_financing_effect_eur_million,pension_obligation_cost_eur_million,interest_rate,interest_cost_effect_eur_million,unit,price_basis,accounting_basis,source_ids,status,notes
BANK_DEBT_2011_RECORDED_ASSET_RECEIPT,2011,aggregate_bank_transfer_dl127,recorded_2011_asset_receipt,3263.1,,,0.0,EUR_million,current_prices,budgetary_public_accounts,DGO_CGE_2011;DR_DL127_2011,official_account_extract,CGE 2011 reports EUR 3263.1m as the 2011 transfer of credit-institution pension-fund asset title to the State; this is a liquidity and financing resource but not a complete gross-debt classification
BANK_DEBT_2011_TOTAL_TRANSFER_VALUE,2011,aggregate_bank_transfer_dl127,total_transfer_value,5993.2,,,0.0,EUR_million,current_prices,national_accounts_and_budgetary_public_accounts,DGO_CGE_2011;EC_EXPOST_PAEF;DR_DL127_2011,aggregate_transfer_registered,CGE and EC sources report the banking pension-fund transfer at EUR 5993.2m or 3.5 percent of GDP; asset composition and consolidation treatment remain incomplete
BANK_DEBT_2011_GROSS_DEBT_GAP,2011,aggregate_bank_transfer_dl127,gross_debt_classification_gap,,,,,EUR_million,current_prices,public_debt_classification,DGO_CGE_2011;EC_EXPOST_PAEF;DR_DL127_2011,blocked_missing_asset_composition,Public-debt impact cannot be classified from aggregate transfer values alone because cash public-debt securities other assets and consolidation treatment are not fully identified
BANK_DEBT_2012_PENSION_OBLIGATION,2012,regime_substitutivo_bancario_dl127_and_dl88,pension_payment_cost,,516.0,,0.0,EUR_million,current_prices,budgetary_public_accounts,TC_AEO_2013_SS_2012;EC_EXPOST_PAEF,official_account_extract,Tribunal de Contas reports EUR 516.0m paid for banking substitute-regime pensions in 2012; this is the first observed pension-obligation cash cost in the ledger
BANK_DEBT_2012_FINANCING_MATCH,2012,regime_substitutivo_bancario_dl127_and_dl88,budgetary_financing_and_pension_payment,516.0,516.0,,0.0,EUR_million,current_prices,budgetary_public_accounts,TC_AEO_2013_SS_2012,reconciled_same_report,The same official report records EUR 516.0m current-transfer financing and EUR 516.0m pension payment execution for the 2012 banking substitute-regime perimeter
BANK_DEBT_INTEREST_2012_PROGRAMME_RATE,2012,aggregate_bank_transfer_dl127,interest_sensitivity_2011_receipt_programme_loan_rate,3263.1,,0.026,-84.8406,EUR_million,current_prices,sensitivity_observed_public_borrowing_cost,DGO_CGE_2011;BDP_ANNUAL_REPORT_2012,sensitivity_observed_rate,Potential annual interest-cost effect if the EUR 3263.1m 2011 recorded asset receipt reduced financing at Banco de Portugal's 2.6 percent equivalent programme-loan rate; negative value denotes saving
BANK_DEBT_INTEREST_2012_IMPLICIT_RATE,2012,aggregate_bank_transfer_dl127,interest_sensitivity_2011_receipt_implicit_debt_rate,3263.1,,0.037,-120.7347,EUR_million,current_prices,sensitivity_observed_public_borrowing_cost,DGO_CGE_2011;BDP_ANNUAL_REPORT_2012,sensitivity_observed_rate,Potential annual interest-cost effect if the EUR 3263.1m 2011 recorded asset receipt reduced financing at Banco de Portugal's 3.7 percent implicit public-debt rate; negative value denotes saving
BANK_DEBT_INTEREST_2012_10Y_RATE,2012,aggregate_bank_transfer_dl127,interest_sensitivity_2011_receipt_10y_treasury_yield,3263.1,,0.073,-238.2063,EUR_million,current_prices,sensitivity_observed_public_borrowing_cost,DGO_CGE_2011;BDP_ANNUAL_REPORT_2012,sensitivity_observed_rate,Potential annual interest-cost effect if the EUR 3263.1m 2011 recorded asset receipt reduced financing at the 7.3 percent December 2012 10-year Treasury yield; negative value denotes saving
BANK_DEBT_INTEREST_TOTAL_VALUE_GAP,2012,aggregate_bank_transfer_dl127,interest_sensitivity_total_transfer_gap,5993.2,,0.037,-221.7484,EUR_million,current_prices,sensitivity_unresolved_asset_basis,DGO_CGE_2011;BDP_ANNUAL_REPORT_2012,blocked_missing_asset_composition,Illustrates the larger sensitivity basis if the full EUR 5993.2m transfer value were treated as financing-substituting assets; this is blocked because final cash securities and other-asset composition is not registered
