check_id,release_area,input_artifacts,command_or_gate,period,unit,perimeter,accounting_basis,result,status,blocking_issue,notes
REL_QUALITY_GATE,tests_lint_typecheck_validation,Makefile;pyproject.toml;tests,make quality,not_applicable,not_applicable,repository,software_quality,Quality gate passes locally for lint format typecheck tests evidence manifest and Zenodo metadata,ready,none,CI runs the same gate on Python 3.11 3.12 and 3.13
REL_SOURCE_HASHES,raw_source_hashes,evidence/source_registry.csv;data/raw,python -m portugal_pensions.cli validate-evidence,2009-2016;mixed,not_applicable,registered_acquired_sources,source_provenance,Acquired raw sources have registered SHA-256 checks and registered-only sources remain clearly labelled,ready_partial,registered_sources_without_raw_files,Some official sources are registered but not yet acquired as immutable raw files
REL_NOTEBOOK_SEQUENCE,sequential_notebook_execution,notebooks,manual clean-environment run required,1977-2025,mixed,full_research_pipeline,mixed_basis,Notebook inventory exists but a clean sequential execution log is not yet archived,blocked_missing_inputs,missing_complete_source_chain_and_notebook_execution_log,Do not treat notebook outputs as release-regenerated until a clean run log is committed
REL_GENERATED_EVIDENCE_POLICY,generated_evidence_integrity,MANIFEST.sha256;src/portugal_pensions/validation.py,python -m portugal_pensions.cli validate-manifest,not_applicable,not_applicable,tracked_repository,archive_manifest,Tracked text and data artifacts are covered by a normalized SHA-256 manifest,ready,none,The manifest is the archive checksum contract for the current source state
REL_FIGURE_COMPANIONS,figure_companion_data,paper/figures/figure_registry.csv;paper/tables/table_registry.csv;paper/figures/data;paper/tables,python -m portugal_pensions.cli validate-evidence,2011-2025,mixed,publication_artifacts,mixed_basis,All registered figures and tables have companion CSV paths and blocked figures carry blockers,ready_partial,blocked_publication_series,Some figures are companions for blocked values rather than final drawable series
REL_MANUSCRIPT_EVIDENCE_MATCH,manuscript_numbers_match_evidence,paper/manuscript.tex;evidence/article_evidence.csv;evidence/claim_registry.csv,python -m portugal_pensions.cli validate-evidence,2011-2012,mixed,article_evidence_gate,mixed_basis,Manuscript source references current article-evidence rows and includes evidence-boundary language,ready_partial,missing_final_manuscript_inputs,The manuscript is bounded and not a final report
REL_PINNED_ENVIRONMENT,environment_package_versions,requirements-release.txt;pyproject.toml,pip install -r requirements-release.txt,not_applicable,not_applicable,replication_environment,software_environment,Direct runtime development and notebook dependencies are pinned for the current readiness snapshot,ready,none,The project metadata still keeps compatible ranges for normal development
REL_DATA_GAPS_DOCUMENTED,known_data_gaps,README.md;evidence/data_quality_registry.csv;docs/reproducibility_report.md,documentation_review,1977-2025,mixed,full_research_pipeline,mixed_basis,Known data gaps are documented in the README and registry and remain open where evidence is missing,ready_partial,open_data_quality_blockers,Open blockers prevent publication-grade quantitative conclusions
REL_ARCHIVE_MANIFEST,archive_manifest,MANIFEST.sha256;docs/reproducibility_report.md,python -m portugal_pensions.cli validate-manifest,not_applicable,not_applicable,tracked_repository,archive_manifest,The archive manifest records checksums for tracked release-readiness artifacts,ready,none,No tag or public release is created by this readiness audit
