requirement_id,boundary_step,required_inputs,available_inputs,permitted_output,status,blocking_issue,notes
BPN_REQ_001,legal_scope,DL88 legal scope and covered population,active workers and pensioners covered by BPN-group DL88 case,separate_2012_bpn_case,legal_scope_registered,none,DL88 creates a BPN-group perimeter distinct from the 2011 DL127 transfer
BPN_REQ_002,receiving_institution,DL88 institutional assignment,CGA responsibility with ISS CNP payment handling,cga_receiving_institution_boundary,legal_scope_registered,none,The BPN case is assigned to CGA rather than the 2011 DL127 Social Security and State transfer perimeter
BPN_REQ_003,legal_asset_transfer,DL88 asset-transfer amount,96.768004 EUR_million transferred to CGA,legal_transfer_amount_only,official_legal_amount_extracted,none,The legal amount is available but does not identify full actuarial neutrality
BPN_REQ_004,sams_retention,DL88 retained SAMS responsibility amount,7.319430 EUR_million returned to entities,retained_sams_boundary,official_legal_amount_extracted,none,SAMS contribution responsibilities are retained outside the CGA transfer
BPN_REQ_005,account_extracts,2012 Tribunal de Contas CGA account rows,0.1359 EUR_million CGA financing;11 pensioners;18 survivors;0.17927 EUR_million pensions paid,2012_account_extract_only,official_account_extract,none,The account extracts provide 2012 observations but not the full payment path
BPN_REQ_006,main_panel_boundary,DL88 and DL127 perimeter comparison,excluded_from_2011_dl127_panel,exclude_from_main_2011_panel,panel_boundary_registered,none,BPN values must stay outside the main 2011 private-bank panel unless a broader perimeter is explicitly defined
BPN_REQ_007,broader_perimeter_condition,explicit broader-panel definition and reconciliation bridge,not_available,blocked_no_broader_panel_inclusion,blocked_missing_broader_perimeter,Missing primary broader-perimeter bridge reconciling DL88 BPN values with DL127 main-panel values,A wider panel can include BPN only after defining period institution and accounting-basis effects
BPN_REQ_008,actuarial_lifecycle_extension,full actuarial valuation;cash versus public-debt-security mix;monthly payment path;post-2012 fund drawdown,not_available,blocked_no_actuarial_or_lifecycle_classification,blocked_missing_component_values,Missing primary actuarial valuation asset-mix monthly-payment and post-2012 drawdown records,The BPN case cannot be classified beyond the legal transfer amount and 2012 account extracts
BPN_REQ_009,claim_boundary,registered BPN legal and 2012 account evidence plus unresolved lifecycle inputs,96.768004 EUR_million legal transfer with excluded_from_2011_dl127_panel boundary,bpn_2012_case_not_2011_dl127_panel_not_lifecycle_result,bounded_claim_boundary,none,Manuscript language must keep BPN as a separate 2012 CGA case unless a broader perimeter is explicitly defined
