concept_id,source_label,canonical_name,concept_class,definition,valid_from,valid_to,institutional_perimeter,accounting_basis,source_id,source_definition_status,sign_convention,internal_variable_names,material_flow_columns,ambiguous_label_guard,notes
CGA,Caixa Geral de Aposentações,cga,institution,Public-sector pension institution whose own accounts must be separated from RGSS and consolidated public-finance measures,1972,,CGA institutional accounts,legal/accounting,CGA_ORGANIC_2012,source_defined,not_applicable,cga,none,CGA must not be used as a synonym for general government,Closed to new subscribers from 2006 and closure effects must be modeled separately
RGSS,Regime Geral de Segurança Social,rgss,institution,General Social Security regime whose contribution rates cover multiple contingencies and are not automatically pension-only,1977,,Social Security institutional accounts,legal/cash,,working_definition_requires_source,not_applicable,rgss,none,RGSS must not be used as a pension-only benchmark without rate decomposition,Use decomposed pension-risk benchmarks for CGA comparisons
PREVIDENTIAL,sistema previdencial,previdential_system,institutional_perimeter,Contributory Social Security subsystem not identical to consolidated Social Security or general government,1977,,Social Security previdential subsystem,cash/accounting,,working_definition_requires_source,not_applicable,previdential_system,none,Previdential balance must state whether other subsystems and transfers are excluded,Perimeter must be declared for combined-balance calculations
STATE_TRANSFER,transferência do Orçamento do Estado,state_budget_transfer,flow,State Budget transfer to a pension institution that may be balancing specific extraordinary or formulaic,1977,,State to CGA or Social Security,budget/cash,,working_definition_requires_source,positive_inflow_to_recipient,state_budget_transfers;published_additional_state_transfer;state_specific_transfer,data/processed/cga_financing_ledger.csv:state_budget_transfers;data/processed/bank_transfer_long_run.csv:state_specific_transfer,Transfer must name payer recipient legal basis and consolidation perimeter,A transfer is not by itself evidence of legal non-compliance
OTHER_PUBLIC_TRANSFER,outras transferências públicas,other_public_transfer,flow,Public transfer other than the main State Budget transfer recorded in the receiving institutional accounts,1977,,Public sector to CGA or Social Security,budget/cash,,working_definition_requires_source,positive_inflow_to_recipient,other_public_transfers,data/processed/cga_financing_ledger.csv:other_public_transfers,Transfer must name payer recipient legal basis and consolidation perimeter,Keep separate from State Budget transfers unless the source aggregates them
EMPLOYEE_CONTRIBUTION,quota do subscritor,employee_contribution,flow,Worker-side contribution legally due withheld or received depending on measurement field,1977,,Worker to CGA or RGSS,legal/cash,CGA_ORGANIC_2012,source_defined,positive_revenue_when_received,employee_quotations;employee_contributions;legal_worker_liability;withheld_from_payroll;recorded_cga_worker_revenue,data/processed/cga_financing_ledger.csv:employee_quotations;data/processed/employee_remittance_audit.csv:legal_worker_liability;data/processed/employee_remittance_audit.csv:withheld_from_payroll;data/processed/employee_remittance_audit.csv:recorded_cga_worker_revenue;data/processed/bank_worker_rgss_contributions.csv:employee_contributions;data/processed/public_worker_rgss_contributions_2006_2025.csv:employee_contributions_lower;data/processed/public_worker_rgss_contributions_2006_2025.csv:employee_contributions_central;data/processed/public_worker_rgss_contributions_2006_2025.csv:employee_contributions_upper,Contribution must state legal due withheld or cash-received measurement,Do not merge legal liability payroll withholding and recorded receipt
EMPLOYER_CONTRIBUTION,contribuição da entidade empregadora,employer_contribution,flow,Employer-side contribution legally due or recorded as received by applicable employer class and period,1977,,Employer to CGA or RGSS,legal/cash,CGA_ORGANIC_2012,source_defined,positive_revenue_when_received,employer_contributions;legal_employer_rate_total;legal_due;recorded_cga_employer_revenue;economic_benchmark_due,data/processed/cga_financing_ledger.csv:employer_contributions;data/processed/employer_contribution_audit.csv:legal_due;data/processed/employer_contribution_audit.csv:recorded_cga_employer_revenue;data/processed/employer_contribution_audit.csv:economic_benchmark_due;data/processed/bank_worker_rgss_contributions.csv:employer_contributions;data/processed/public_worker_rgss_contributions_2006_2025.csv:employer_contributions_lower;data/processed/public_worker_rgss_contributions_2006_2025.csv:employer_contributions_central;data/processed/public_worker_rgss_contributions_2006_2025.csv:employer_contributions_upper,Contribution must state employer class and legal or economic benchmark basis,Legal gap and economic benchmark gap are distinct concepts
PENSION_EXPENDITURE,pensões pagas,pension_expenditure,flow,Pension benefit expenditure recorded by the paying institution for the stated population and period,1977,,CGA or Social Security institutional accounts,cash/accounting,,working_definition_requires_source,negative_expenditure_for_balance,pension_expenditure,data/processed/cga_financing_ledger.csv:pension_expenditure;data/processed/bank_transfer_long_run.csv:pension_expenditure,Expenditure must state beneficiary population and paying institution,Do not combine with liabilities or actuarial present values
OTHER_BENEFIT_EXPENSE,outras prestações,other_benefit_expense,flow,Non-pension benefit expenditure recorded by the institution,1977,,CGA or Social Security institutional accounts,cash/accounting,,working_definition_requires_source,negative_expenditure_for_balance,other_benefits,data/processed/cga_financing_ledger.csv:other_benefits,Benefit labels must state pension versus non-pension scope,Keep outside pension expenditure unless source aggregation requires disclosure
ADMINISTRATION_COST,despesas de administração,administration_cost,flow,Administrative operating cost of the pension institution or special regime ledger,1977,,CGA or Social Security institutional accounts,cash/accounting,,working_definition_requires_source,negative_expenditure_for_balance,administration;administrative_cost,data/processed/cga_financing_ledger.csv:administration;data/processed/bank_transfer_long_run.csv:administrative_cost,Administration costs must not be interpreted as benefit payments,Use separate cost bucket in identities
INVESTMENT_INCOME,rendimentos de investimento,investment_income,flow,Investment or asset income attributable to the institutional ledger or transferred-asset reserve,1977,,CGA Social Security or special regime accounts,cash/accounting,,working_definition_requires_source,positive_revenue_when_received,investment_income;attributable_investment_income,data/processed/cga_financing_ledger.csv:investment_income;data/processed/bank_transfer_long_run.csv:attributable_investment_income,Income must state whether accrued or cash received,Do not net against expenditure before reconciliation
ASSET_DRAWDOWN,utilização de ativos,asset_drawdown,flow,Use of transferred assets or reserve assets to finance pension payments,2011,,Special pension regime financing ledger,cash/stock-flow,,working_definition_requires_source,positive_financing_source,asset_drawdown,data/processed/bank_transfer_long_run.csv:asset_drawdown,Asset use must identify stock source and receiving payment ledger,Separate financing source from expenditure
OTHER_FINANCING,outro financiamento,other_financing,flow,Residual financing source explicitly identified outside transfers income or asset drawdown,1977,,Institutional or special regime accounts,cash/accounting,,working_definition_requires_source,positive_financing_source,other_financing,data/processed/bank_transfer_long_run.csv:other_financing,Financing label must name source or remain unresolved,Do not treat residual financing as causal evidence
TIMING_ADJUSTMENT,ajustamento temporal,timing_adjustment,adjustment,Timing or accrual-to-cash adjustment needed to reconcile legal due withheld received and account-recognized amounts,1977,,Institutional accounts,legal/cash bridge,,working_definition_requires_source,signed_reconciliation_adjustment,timing_adjustments;timing_adjustment,data/processed/employee_remittance_audit.csv:timing_adjustments;data/processed/employer_contribution_audit.csv:timing_adjustments;data/processed/bank_transfer_long_run.csv:timing_adjustment,Adjustment must state direction and bridge basis,Timing adjustments cannot be presented as missing remittance without source support
FINANCING_RESIDUAL,resíduo de reconciliação,financing_residual,residual,Identity residual after recorded components are applied under the stated sign convention,1977,,Institutional or bridge ledger,cash/accounting,,"derived_accounting_bridge",signed_reconciliation_residual,identity_residual;reconciliation_residual,data/processed/cga_financing_ledger.csv:identity_residual;data/processed/bank_transfer_long_run.csv:reconciliation_residual,Deficit or balance labels must state identity and perimeter,Residuals are diagnostics not substantive findings
ESA_DEFICIT,défice em SEC,esa_deficit,national_accounts_measure,National-accounts deficit concept under ESA standards distinct from institutional cash balances,1995,,General government,ESA national accounts,,working_definition_requires_source,negative_for_deficit_increase,esa_deficit;deficit_effect_percent_gdp,data/processed/bank_esa_treatment_bridge.csv:deficit_effect_percent_gdp,Deficit must state ESA version perimeter and sign,ESA-95 and ESA-2010 treatments may classify the same transaction differently
BANK_ASSET_TRANSFER,ativos transferidos,bank_pension_asset_transfer,stock,Assets transferred from bank pension funds to the State in connection with specified pension liabilities,2011,,State and private pension funds,stock/financial,DR_DL127_2011,source_defined,positive_asset_received_by_public_sector,assets_transferred_total;cash_transferred;portuguese_public_debt_transferred;other_assets_transferred;transfer_value,data/processed/bank_asset_liability_audit.csv:assets_transferred_total;data/processed/bank_asset_liability_audit.csv:cash_transferred;data/processed/bank_asset_liability_audit.csv:portuguese_public_debt_transferred;data/processed/bank_asset_liability_audit.csv:other_assets_transferred;data/processed/bank_asset_trace.csv:transfer_value,Asset transfer must be paired with liability perimeter and valuation date,Must be tracked with corresponding pension obligations
PENSION_LIABILITY,responsabilidade por pensões,pension_liability,stock,Present value or legal valuation of pension obligations for the stated population valuation date and discount basis,2011,,CGA Social Security banks or general government depending on row,actuarial/financial,,working_definition_requires_source,positive_liability_stock,liability_pv_legal_4pct;liability_pv,data/processed/bank_asset_liability_audit.csv:liability_pv_legal_4pct;data/processed/bank_asset_liability_sensitivity.csv:liability_pv,Liability must state discount rate mortality and population perimeter,Do not compare directly with cash expenditure
LEGAL_GAP,desvio legal,legal_gap,residual,Gap between a legal contribution obligation and recorded or withheld amount after timing base and perimeter adjustments,1977,,CGA or RGSS legal compliance perimeter,legal/cash bridge,,working_definition_requires_source,signed_reconciliation_residual,unexplained_remittance_gap;legal_compliance_gap,data/processed/employee_remittance_audit.csv:unexplained_remittance_gap;data/processed/employer_contribution_audit.csv:legal_compliance_gap,Gap must distinguish legal compliance from economic benchmark,Requires source-supported obligation and receipt fields
ECONOMIC_BENCHMARK_GAP,desvio face ao benchmark económico,economic_benchmark_gap,residual,Gap between observed employer contribution revenue and an economic benchmark rate calculation,1977,,Employer class benchmark perimeter,legal/economic bridge,,working_definition_requires_source,signed_reconciliation_residual,economic_benchmark_gap,data/processed/employer_contribution_audit.csv:economic_benchmark_gap,Benchmark gap must not be described as legal non-compliance,Keep separate from legal gap
